motif_id	motif_alt_id	sequence_name	start	stop	strand	score	p-value	q-value	matched_sequence
PCPSGTYEGNSPFHPLADNKFALTCTSTHFAFACADGTRHTYQLRARSVS	MEME-1	pdb|1YO4|A	19	68	+	206.806	6.33e-64	1.07e-61	PCPSGTYEGNSPFHPLADNKFALTCTSTHFAFACADGTRHTYQLRARSVS
PCPSGTYEGNSPFHPLADNKFALTCTSTHFAFACADGTRHTYQLRARSVS	MEME-1	pdb|1XAK|A	21	70	+	206.806	6.33e-64	1.07e-61	PCPSGTYEGNSPFHPLADNKFALTCTSTHFAFACADGTRHTYQLRARSVS
PCPSGTYEGNSPFHPLADNKFALTCTSTHFAFACADGTRHTYQLRARSVS	MEME-1	gb|ATO98237.1|	34	83	+	206.806	6.33e-64	1.07e-61	PCPSGTYEGNSPFHPLADNKFALTCTSTHFAFACADGTRHTYQLRARSVS
PCPSGTYEGNSPFHPLADNKFALTCTSTHFAFACADGTRHTYQLRARSVS	MEME-1	gb|AAT52336.1|	34	83	+	206.806	6.33e-64	1.07e-61	PCPSGTYEGNSPFHPLADNKFALTCTSTHFAFACADGTRHTYQLRARSVS
PCPSGTYEGNSPFHPLADNKFALTCTSTHFAFACADGTRHTYQLRARSVS	MEME-1	gb|ACZ72157.1|	34	83	+	206.806	6.33e-64	1.07e-61	PCPSGTYEGNSPFHPLADNKFALTCTSTHFAFACADGTRHTYQLRARSVS
PCPSGTYEGNSPFHPLADNKFALTCTSTHFAFACADGTRHTYQLRARSVS	MEME-1	gb|AFR58706.1|	34	83	+	206.806	6.33e-64	1.07e-61	PCPSGTYEGNSPFHPLADNKFALTCTSTHFAFACADGTRHTYQLRARSVS
PCPSGTYEGNSPFHPLADNKFALTCTSTHFAFACADGTRHTYQLRARSVS	MEME-1	gb|ACZ72114.1|	34	83	+	206.806	6.33e-64	1.07e-61	PCPSGTYEGNSPFHPLADNKFALTCTSTHFAFACADGTRHTYQLRARSVS
PCPSGTYEGNSPFHPLADNKFALTCTSTHFAFACADGTRHTYQLRARSVS	MEME-1	gb|AKZ19081.1|	34	83	+	206.806	6.33e-64	1.07e-61	PCPSGTYEGNSPFHPLADNKFALTCTSTHFAFACADGTRHTYQLRARSVS
PCPSGTYEGNSPFHPLADNKFALTCTSTHFAFACADGTRHTYQLRARSVS	MEME-1	ref|YP_009825057.1|	34	83	+	206.806	6.33e-64	1.07e-61	PCPSGTYEGNSPFHPLADNKFALTCTSTHFAFACADGTRHTYQLRARSVS
PCPSGTYEGNSPFHPLADNKFALTCTSTHFAFACADGTRHTYQLRARSVS	MEME-1	gb|AHX37563.1|	34	83	+	206.806	6.33e-64	1.07e-61	PCPSGTYEGNSPFHPLADNKFALTCTSTHFAFACADGTRHTYQLRARSVS
PCPSGTYEGNSPFHPLADNKFALTCTSTHFAFACADGTRHTYQLRARSVS	MEME-1	sp|Q3I5J0.1|	34	83	+	206.806	6.33e-64	1.07e-61	PCPSGTYEGNSPFHPLADNKFALTCTSTHFAFACADGTRHTYQLRARSVS
PCPSGTYEGNSPFHPLADNKFALTCTSTHFAFACADGTRHTYQLRARSVS	MEME-1	gb|ACU31037.1|	34	83	+	206.806	6.33e-64	1.07e-61	PCPSGTYEGNSPFHPLADNKFALTCTSTHFAFACADGTRHTYQLRARSVS
PCPSGTYEGNSPFHPLADNKFALTCTSTHFAFACADGTRHTYQLRARSVS	MEME-1	gb|AIA62295.1|	34	83	+	206.806	6.33e-64	1.07e-61	PCPSGTYEGNSPFHPLADNKFALTCTSTHFAFACADGTRHTYQLRARSVS
PCPSGTYEGNSPFHPLADNKFALTCTSTHFAFACADGTRHTYQLRARSVS	MEME-1	gb|AFR58734.1|	34	83	+	206.806	6.33e-64	1.07e-61	PCPSGTYEGNSPFHPLADNKFALTCTSTHFAFACADGTRHTYQLRARSVS
PCPSGTYEGNSPFHPLADNKFALTCTSTHFAFACADGTRHTYQLRARSVS	MEME-1	gb|ATO98187.1|	34	83	+	206.806	6.33e-64	1.07e-61	PCPSGTYEGNSPFHPLADNKFALTCTSTHFAFACADGTRHTYQLRARSVS
PCPSGTYEGNSPFHPLADNKFALTCTSTHFAFACADGTRHTYQLRARSVS	MEME-1	gb|ANA96033.1|	34	83	+	205.687	1.07e-63	1.29e-61	PCPSGTYEGNSPFHPLADNKFALTCISTHFAFACADGTRHTYQLRARSVS
PCPSGTYEGNSPFHPLADNKFALTCTSTHFAFACADGTRHTYQLRARSVS	MEME-1	sp|Q0Q470.1|	34	83	+	205.687	1.07e-63	1.29e-61	PCPSGTYEGNSPFHPLADNKFALTCISTHFAFACADGTRHTYQLRARSVS
PCPSGTYEGNSPFHPLADNKFALTCTSTHFAFACADGTRHTYQLRARSVS	MEME-1	gb|ABD75319.1|	34	83	+	205.687	1.07e-63	1.29e-61	PCPSGTYEGNSPFHPLADNKFALTCISTHFAFACADGTRHTYQLRARSVS
PCPSGTYEGNSPFHPLADNKFALTCTSTHFAFACADGTRHTYQLRARSVS	MEME-1	gb|AIA62315.1|	34	83	+	205.687	1.07e-63	1.29e-61	PCPSGTYEGNSPFHPLADNKFALTCISTHFAFACADGTRHTYQLRARSVS
PCPSGTYEGNSPFHPLADNKFALTCTSTHFAFACADGTRHTYQLRARSVS	MEME-1	gb|AIA62283.1|	34	83	+	205.687	1.07e-63	1.29e-61	PCPSGTYEGNSPFHPLADNKFALTCISTHFAFACADGTRHTYQLRARSVS
PCPSGTYEGNSPFHPLADNKFALTCTSTHFAFACADGTRHTYQLRARSVS	MEME-1	gb|ASO66814.1|	34	83	+	205.687	1.07e-63	1.29e-61	PCPSGTYEGNSPFHPLADNKFALTCISTHFAFACADGTRHTYQLRARSVS
PCPSGTYEGNSPFHPLADNKFALTCTSTHFAFACADGTRHTYQLRARSVS	MEME-1	gb|AAZ41334.1|	34	83	+	205.582	1.47e-63	1.5e-61	PCPSGTYEGNSPFHPLADNKFALTCSSTHFAFACADGTRHTYQLRARSVS
PCPSGTYEGNSPFHPLADNKFALTCTSTHFAFACADGTRHTYQLRARSVS	MEME-1	gb|ADE34760.1|	34	83	+	205.582	1.47e-63	1.5e-61	PCPSGTYEGNSPFHPLADNKFALTCSSTHFAFACADGTRHTYQLRARSVS
PCPSGTYEGNSPFHPLADNKFALTCTSTHFAFACADGTRHTYQLRARSVS	MEME-1	sp|Q3LZX7.1|	34	83	+	205.582	1.47e-63	1.5e-61	PCPSGTYEGNSPFHPLADNKFALTCSSTHFAFACADGTRHTYQLRARSVS
PCPSGTYEGNSPFHPLADNKFALTCTSTHFAFACADGTRHTYQLRARSVS	MEME-1	gb|ADE34817.1|	34	83	+	205.582	1.47e-63	1.5e-61	PCPSGTYEGNSPFHPLADNKFALTCSSTHFAFACADGTRHTYQLRARSVS
PCPSGTYEGNSPFHPLADNKFALTCTSTHFAFACADGTRHTYQLRARSVS	MEME-1	gb|ARO76387.1|	34	83	+	203.164	9.86e-63	9.62e-61	PCPSGTYEGNSPFHPLADNKFALTCISTHFAFACADGTKHTYQLRARSVS
PCPSGTYEGNSPFHPLADNKFALTCTSTHFAFACADGTRHTYQLRARSVS	MEME-1	gb|ATO98225.1|	34	83	+	202.373	1.69e-62	1.53e-60	PCPSGTYEGNSPFHPLADNKFALTCTSTRFAFACADGTRHTYQLRARSVS
PCPSGTYEGNSPFHPLADNKFALTCTSTHFAFACADGTRHTYQLRARSVS	MEME-1	gb|AIA62335.1|	34	83	+	202.373	1.69e-62	1.53e-60	PCPSGTYEGNSPFHPLADNKFALTCTSTRFAFACADGTRHTYQLRARSVS
PCPSGTYEGNSPFHPLADNKFALTCTSTHFAFACADGTRHTYQLRARSVS	MEME-1	gb|AAP82970.1|	3	52	+	201.493	2.92e-62	2.47e-60	PCPSATYEGNSPFHPLADNKFALTCTSTHFAFACADGTRHTYQLRARSVS
PCPSGTYEGNSPFHPLADNKFALTCTSTHFAFACADGTRHTYQLRARSVS	MEME-1	gb|ABI96964.1|	34	83	+	201.493	2.92e-62	2.47e-60	PCPSATYEGNSPFHPLADNKFALTCTSTHFAFACADGTRHTYQLRARSVS
PCPSGTYEGNSPFHPLADNKFALTCTSTHFAFACADGTRHTYQLRARSVS	MEME-1	gb|AGZ48838.1|	34	83	+	200.478	5.2e-62	4.25e-60	PCLSGTYEGNSPFHPLADNKFALTCTSTHFAFACADGTRHTYQLRARSVS
PCPSGTYEGNSPFHPLADNKFALTCTSTHFAFACADGTRHTYQLRARSVS	MEME-1	gb|AIA62325.1|	34	83	+	200.358	5.74e-62	4.55e-60	PCPSGTYEGNSPFHPLADNKFALTCSSTYFAFACADGTRHTYQLRARSVS
PCPSGTYEGNSPFHPLADNKFALTCTSTHFAFACADGTRHTYQLRARSVS	MEME-1	gb|AVP78047.1|	34	83	+	192.433	3.25e-60	2.5e-58	PCSSGTYEGNSPFHPLADNKFALTCFSTQFAFACPDGVRHTFQLRARSVS
PCPSGTYEGNSPFHPLADNKFALTCTSTHFAFACADGTRHTYQLRARSVS	MEME-1	ref|YP_009724395.1|	34	83	+	190.463	1.08e-59	7.84e-58	PCSSGTYEGNSPFHPLADNKFALTCFSTQFAFACPDGVKHVYQLRARSVS
PCPSGTYEGNSPFHPLADNKFALTCTSTHFAFACADGTRHTYQLRARSVS	MEME-1	gb|QHR63305.1|	34	83	+	190.463	1.08e-59	7.84e-58	PCSSGTYEGNSPFHPLADNKFALTCFSTQFAFACPDGVKHVYQLRARSVS
PCPSGTYEGNSPFHPLADNKFALTCTSTHFAFACADGTRHTYQLRARSVS	MEME-1	gb|AVP78036.1|	34	83	+	189.09	2.4e-59	1.7e-57	PCSSGTYEGNSPFHPLADNKFALACFSTQFAFACPDGVRHTFQLRARSVS
PCPSGTYEGNSPFHPLADNKFALTCTSTHFAFACADGTRHTYQLRARSVS	MEME-1	gb|QIQ54053.1|	34	83	+	187.597	5.38e-59	3.69e-57	PCSSGTYEGNSPFHPLADNKFALACTSQQFAFACPDGTKHTFQLRARSVS
PCPSGTYEGNSPFHPLADNKFALTCTSTHFAFACADGTRHTYQLRARSVS	MEME-1	gb|QIA48619.1|	34	83	+	186.373	9.85e-59	6.58e-57	PCSSGTYEGNSPFHPLADNKFALACSSQQFAFACPDGTKHTFQLRARSVS
PCPSGTYEGNSPFHPLADNKFALTCTSTHFAFACADGTRHTYQLRARSVS	MEME-1	gb|QIG55950.1|	34	83	+	183.627	3.37e-58	2.2e-56	PCSSGTYEGNSPFHPLADNKFALTCFSTQFAFACPDGVKHIYQLRARAVS
MKIILFLTLIALATCELYHYQECVRGTTV	MEME-2	gb|ARO76387.1|	1	29	+	112.129	5.41e-36	5.43e-33	MKIILFLTLIVLASCELYHYQECVRGTTV
MKIILFLTLIALATCELYHYQECVRGTTV	MEME-2	gb|ATO98225.1|	1	29	+	111.694	1.27e-35	5.43e-33	MKIILFLTLIALASCELYHYQECVRGTTV
MKIILFLTLIALATCELYHYQECVRGTTV	MEME-2	gb|ACU31037.1|	1	29	+	111.694	1.27e-35	5.43e-33	MKIILFLTLIALASCELYHYQECVRGTTV
MKIILFLTLIALATCELYHYQECVRGTTV	MEME-2	sp|Q3I5J0.1|	1	29	+	111.694	1.27e-35	5.43e-33	MKIILFLTLIALASCELYHYQECVRGTTV
MKIILFLTLIALATCELYHYQECVRGTTV	MEME-2	gb|ATO98237.1|	1	29	+	111.694	1.27e-35	5.43e-33	MKIILFLTLIALASCELYHYQECVRGTTV
MKIILFLTLIALATCELYHYQECVRGTTV	MEME-2	gb|AGZ48838.1|	1	29	+	111.694	1.27e-35	5.43e-33	MKIILFLTLIALASCELYHYQECVRGTTV
MKIILFLTLIALATCELYHYQECVRGTTV	MEME-2	gb|AIA62335.1|	1	29	+	111.694	1.27e-35	5.43e-33	MKIILFLTLIALASCELYHYQECVRGTTV
MKIILFLTLIALATCELYHYQECVRGTTV	MEME-2	gb|ATO98187.1|	1	29	+	111.694	1.27e-35	5.43e-33	MKIILFLTLIALASCELYHYQECVRGTTV
MKIILFLTLIALATCELYHYQECVRGTTV	MEME-2	gb|ANA96033.1|	1	29	+	111.565	2.12e-35	7.25e-33	MKIILFLTLIVLATCELYHYQECVRGTTV
MKIILFLTLIALATCELYHYQECVRGTTV	MEME-2	gb|AKZ19081.1|	1	29	+	111.565	2.12e-35	7.25e-33	MKIILFLTLIVLATCELYHYQECVRGTTV
MKIILFLTLIALATCELYHYQECVRGTTV	MEME-2	gb|ABD75319.1|	1	29	+	111.129	3.6e-35	1.03e-32	MKIILFLTLIALATCELYHYQECVRGTTV
MKIILFLTLIALATCELYHYQECVRGTTV	MEME-2	sp|Q3LZX7.1|	1	29	+	111.129	3.6e-35	1.03e-32	MKIILFLTLIALATCELYHYQECVRGTTV
MKIILFLTLIALATCELYHYQECVRGTTV	MEME-2	gb|AAT52336.1|	1	29	+	109.79	9.6e-35	1.73e-32	MKIILFLTLIVFTSCELYHYQECVRGTTV
MKIILFLTLIALATCELYHYQECVRGTTV	MEME-2	gb|ACZ72114.1|	1	29	+	109.79	9.6e-35	1.73e-32	MKIILFLTLIVFTSCELYHYQECVRGTTV
MKIILFLTLIALATCELYHYQECVRGTTV	MEME-2	ref|YP_009825057.1|	1	29	+	109.79	9.6e-35	1.73e-32	MKIILFLTLIVFTSCELYHYQECVRGTTV
MKIILFLTLIALATCELYHYQECVRGTTV	MEME-2	gb|AFR58678.1|	1	29	+	109.79	9.6e-35	1.73e-32	MKIILFLTLIVFTSCELYHYQECVRGTTV
MKIILFLTLIALATCELYHYQECVRGTTV	MEME-2	gb|AFR58734.1|	1	29	+	109.79	9.6e-35	1.73e-32	MKIILFLTLIVFTSCELYHYQECVRGTTV
MKIILFLTLIALATCELYHYQECVRGTTV	MEME-2	gb|AFR58706.1|	1	29	+	109.79	9.6e-35	1.73e-32	MKIILFLTLIVFTSCELYHYQECVRGTTV
MKIILFLTLIALATCELYHYQECVRGTTV	MEME-2	gb|ABI96964.1|	1	29	+	109.79	9.6e-35	1.73e-32	MKIILFLTLIVFTSCELYHYQECVRGTTV
HQELYSPLFLIVAALVFIILCFTIKRKTE	MEME-3	gb|ADE34760.1|	94	122	+	108.583	1.39e-34	5.99e-32	HQELYSPLFLIVAALVFIILCFTIKRKTE
HQELYSPLFLIVAALVFIILCFTIKRKTE	MEME-3	sp|Q0Q470.1|	94	122	+	108.583	1.39e-34	5.99e-32	HQELYSPLFLIVAALVFIILCFTIKRKTE
HQELYSPLFLIVAALVFIILCFTIKRKTE	MEME-3	gb|ACU31037.1|	94	122	+	108.583	1.39e-34	5.99e-32	HQELYSPLFLIVAALVFIILCFTIKRKTE
HQELYSPLFLIVAALVFIILCFTIKRKTE	MEME-3	gb|AIA62325.1|	94	122	+	108.583	1.39e-34	5.99e-32	HQELYSPLFLIVAALVFIILCFTIKRKTE
HQELYSPLFLIVAALVFIILCFTIKRKTE	MEME-3	gb|AIA62315.1|	94	122	+	108.583	1.39e-34	5.99e-32	HQELYSPLFLIVAALVFIILCFTIKRKTE
HQELYSPLFLIVAALVFIILCFTIKRKTE	MEME-3	gb|ATO98237.1|	94	122	+	108.583	1.39e-34	5.99e-32	HQELYSPLFLIVAALVFIILCFTIKRKTE
HQELYSPLFLIVAALVFIILCFTIKRKTE	MEME-3	gb|AGZ48838.1|	94	122	+	108.583	1.39e-34	5.99e-32	HQELYSPLFLIVAALVFIILCFTIKRKTE
HQELYSPLFLIVAALVFIILCFTIKRKTE	MEME-3	gb|ATO98225.1|	94	122	+	108.583	1.39e-34	5.99e-32	HQELYSPLFLIVAALVFIILCFTIKRKTE
MKIILFLTLIALATCELYHYQECVRGTTV	MEME-2	gb|ADE34817.1|	1	29	+	108.5	3.08e-34	5.26e-32	MKIILFLILIALATCELYHYQECVRGTTV
HQELYSPLFLIVAALVFIILCFTIKRKTE	MEME-3	gb|ADE34817.1|	94	122	+	107.681	4.67e-34	1.24e-31	YQELYSPLFLIVAALVFIILCFTIKRKTE
HQELYSPLFLIVAALVFIILCFTIKRKTE	MEME-3	gb|AAZ41334.1|	94	122	+	107.681	4.67e-34	1.24e-31	YQELYSPLFLIVAALVFIILCFTIKRKTE
HQELYSPLFLIVAALVFIILCFTIKRKTE	MEME-3	gb|ABD75319.1|	94	122	+	107.681	4.67e-34	1.24e-31	YQELYSPLFLIVAALVFIILCFTIKRKTE
HQELYSPLFLIVAALVFIILCFTIKRKTE	MEME-3	sp|Q3LZX7.1|	94	122	+	107.681	4.67e-34	1.24e-31	YQELYSPLFLIVAALVFIILCFTIKRKTE
HQELYSPLFLIVAALVFIILCFTIKRKTE	MEME-3	gb|AIA62295.1|	94	122	+	107.681	4.67e-34	1.24e-31	YQELYSPLFLIVAALVFIILCFTIKRKTE
MKIILFLTLIALATCELYHYQECVRGTTV	MEME-2	gb|AIA62295.1|	1	29	+	107.839	5.21e-34	8.48e-32	MKIIPFLTLIVLATCELYHYQECVRGTTV
HQELYSPLFLIVAALVFIILCFTIKRKTE	MEME-3	gb|AIA62335.1|	94	122	+	107.194	5.36e-34	1.32e-31	HQELYSPLFLIVAAIVFIILCFTIKRKTE
MKIILFLTLIALATCELYHYQECVRGTTV	MEME-2	gb|AHX37563.1|	1	29	+	107.758	5.48e-34	8.51e-32	MKIILFLTLVVLTTCELYHYQECVRGTTV
MKIILFLTLIALATCELYHYQECVRGTTV	MEME-2	sp|Q0Q470.1|	1	29	+	107.403	7.18e-34	1.01e-31	MKIILFLTLIALASSELYHYQECVRGTTV
MKIILFLTLIALATCELYHYQECVRGTTV	MEME-2	gb|AIA62315.1|	1	29	+	107.403	7.18e-34	1.01e-31	MKIILFLTLIALASSELYHYQECVRGTTV
MKIILFLTLIALATCELYHYQECVRGTTV	MEME-2	gb|ADE34760.1|	1	29	+	107.323	7.66e-34	1.01e-31	MKIILFLTLVALTTCELYHYQECVRGTTV
MKIILFLTLIALATCELYHYQECVRGTTV	MEME-2	gb|QIG55950.1|	1	29	+	107.29	7.94e-34	1.01e-31	MKIILFLALITLATCELYHYQECVRGTTV
MKIILFLTLIALATCELYHYQECVRGTTV	MEME-2	ref|YP_009724395.1|	1	29	+	107.29	7.94e-34	1.01e-31	MKIILFLALITLATCELYHYQECVRGTTV
HQELYSPLFLIVAALVFIILCFTIKRKTE	MEME-3	gb|AAP82970.1|	63	91	+	105.903	1.79e-33	2.64e-31	QQELYSPLFLIVAALVFLILCFTIKRKTE
HQELYSPLFLIVAALVFIILCFTIKRKTE	MEME-3	gb|ACZ72157.1|	94	122	+	105.903	1.79e-33	2.64e-31	QQELYSPLFLIVAALVFLILCFTIKRKTE
HQELYSPLFLIVAALVFIILCFTIKRKTE	MEME-3	gb|ABI96964.1|	94	122	+	105.903	1.79e-33	2.64e-31	QQELYSPLFLIVAALVFLILCFTIKRKTE
HQELYSPLFLIVAALVFIILCFTIKRKTE	MEME-3	gb|AFR58706.1|	94	122	+	105.903	1.79e-33	2.64e-31	QQELYSPLFLIVAALVFLILCFTIKRKTE
HQELYSPLFLIVAALVFIILCFTIKRKTE	MEME-3	ref|YP_009825057.1|	94	122	+	105.903	1.79e-33	2.64e-31	QQELYSPLFLIVAALVFLILCFTIKRKTE
HQELYSPLFLIVAALVFIILCFTIKRKTE	MEME-3	gb|ACZ72114.1|	94	122	+	105.903	1.79e-33	2.64e-31	QQELYSPLFLIVAALVFLILCFTIKRKTE
HQELYSPLFLIVAALVFIILCFTIKRKTE	MEME-3	gb|ARO76387.1|	94	122	+	105.903	1.79e-33	2.64e-31	QQELYSPLFLIVAALVFLILCFTIKRKTE
HQELYSPLFLIVAALVFIILCFTIKRKTE	MEME-3	gb|AKZ19081.1|	94	122	+	105.903	1.79e-33	2.64e-31	QQELYSPLFLIVAALVFLILCFTIKRKTE
HQELYSPLFLIVAALVFIILCFTIKRKTE	MEME-3	gb|AFR58678.1|	94	122	+	105.903	1.79e-33	2.64e-31	QQELYSPLFLIVAALVFLILCFTIKRKTE
HQELYSPLFLIVAALVFIILCFTIKRKTE	MEME-3	gb|ANA96033.1|	94	122	+	105.847	1.91e-33	2.64e-31	YQELYSPLFLIVAALVFIILCFTIKRKIE
HQELYSPLFLIVAALVFIILCFTIKRKTE	MEME-3	gb|AIA62283.1|	94	122	+	105.847	1.91e-33	2.64e-31	YQELYSPLFLIVAALVFIILCFTIKRKIE
MKIILFLTLIALATCELYHYQECVRGTTV	MEME-2	gb|AAZ41334.1|	1	29	+	105.581	2.14e-33	2.61e-31	MKIILFLTLIALATCELYHYRECVRGTTV
HQELYSPLFLIVAALVFIILCFTIKRKTE	MEME-3	sp|Q3I5J0.1|	94	122	+	105.639	2.36e-33	3.13e-31	HQELYSPLFLIVAALVFITLCFTIKRKTE
MKIILFLTLIALATCELYHYQECVRGTTV	MEME-2	gb|AIA62325.1|	1	29	+	105.258	2.65e-33	3.12e-31	MKIILFLTLVALATCELYHYQECIRGTTV
MKIILFLTLIALATCELYHYQECVRGTTV	MEME-2	gb|QHR63305.1|	1	29	+	105.113	2.84e-33	3.24e-31	MKIILFLVLVTLATCELYHYQECVRGTTV
MKIILFLTLIALATCELYHYQECVRGTTV	MEME-2	gb|ASO66814.1|	1	29	+	104.903	3.18e-33	3.51e-31	MKIILFSILIVLATCELYHYQECVRGTTV
MKIILFLTLIALATCELYHYQECVRGTTV	MEME-2	gb|ACZ72157.1|	1	29	+	104.742	3.44e-33	3.62e-31	MKISLFLTLIVFTSCELYHYQECVRGTTV
MKIILFLTLIALATCELYHYQECVRGTTV	MEME-2	gb|AIA62283.1|	1	29	+	104.726	3.49e-33	3.62e-31	MKIILLLILIVLATCELYHYQECVRGTTV
HQELYSPLFLIVAALVFIILCFTIKRKTE	MEME-3	gb|ATO98187.1|	94	122	+	103.819	8.64e-33	1.1e-30	HQELYSPLFLIVAVLVFIILCFTIKRKTE
HQELYSPLFLIVAALVFIILCFTIKRKTE	MEME-3	gb|ASO66814.1|	94	122	+	100.903	4.34e-32	5.35e-30	YQELYSPLFLIVIALVFIILCFTIKRKIE
MKIILFLTLIALATCELYHYQECVRGTTV	MEME-2	gb|QIA48619.1|	1	29	+	97.4032	1.04e-31	1.02e-29	MKIILLLALVTFATCERYHYQECVRGTTV
MKIILFLTLIALATCELYHYQECVRGTTV	MEME-2	gb|QIQ54053.1|	1	29	+	97.4032	1.04e-31	1.02e-29	MKIILLLALVTFATCERYHYQECVRGTTV
HQELYSPLFLIVAALVFIILCFTIKRKTE	MEME-3	gb|AVP78036.1|	93	121	+	96.7917	2.76e-31	2.96e-29	VQELYSPVFLIVAAIVFIILCFTFKRKIE
HQELYSPLFLIVAALVFIILCFTIKRKTE	MEME-3	gb|AVP78047.1|	93	121	+	96.7917	2.76e-31	2.96e-29	VQELYSPVFLIVAAIVFIILCFTFKRKIE
HQELYSPLFLIVAALVFIILCFTIKRKTE	MEME-3	gb|QIQ54053.1|	93	121	+	96.7917	2.76e-31	2.96e-29	VQELYSPLFLIIAALVFITLCFTLKRKTE
HQELYSPLFLIVAALVFIILCFTIKRKTE	MEME-3	gb|QIA48619.1|	93	121	+	96.7917	2.76e-31	2.96e-29	VQELYSPLFLIIAALVFITLCFTLKRKTE
HQELYSPLFLIVAALVFIILCFTIKRKTE	MEME-3	ref|YP_009724395.1|	93	121	+	96.6944	2.83e-31	2.96e-29	VQELYSPIFLIVAAIVFITLCFTLKRKTE
HQELYSPLFLIVAALVFIILCFTIKRKTE	MEME-3	gb|AHX37563.1|	94	122	+	95.4028	5.81e-31	5.9e-29	HQELYSPLFLIVAALVFTILCFTIKRNSE
HQELYSPLFLIVAALVFIILCFTIKRKTE	MEME-3	gb|QIG55950.1|	93	121	+	94.8611	7.56e-31	7.46e-29	VQELYSPIFLIVAAIVFITLCFTLKRKIE
HQELYSPLFLIVAALVFIILCFTIKRKTE	MEME-3	gb|QHR63305.1|	93	121	+	92.9722	2.11e-30	2.02e-28	VQELYSPIFLIIAAIVFITLCFTLKRKTE
MKIILFLTLIALATCELYHYQECVRGTTV	MEME-2	gb|AVP78036.1|	1	29	+	89.4032	5.5e-30	5.08e-28	MKIIFFLVLITLVTGELYHYQECIKGTTV
MKIILFLTLIALATCELYHYQECVRGTTV	MEME-2	gb|AVP78047.1|	1	29	+	89.4032	5.5e-30	5.08e-28	MKIIFFLVLITLVTGELYHYQECIKGTTV
YHYQECVRGTTV	MEME-5	pdb|1YO4|A	3	14	+	50.7228	3.07e-16	3.63e-14	YHYQECVRGTTV
YHYQECVRGTTV	MEME-5	pdb|1XAK|A	5	16	+	50.7228	3.07e-16	3.63e-14	YHYQECVRGTTV
YHYQECVRGTTV	MEME-5	gb|QIG55950.1|	18	29	+	50.7228	3.07e-16	3.63e-14	YHYQECVRGTTV
YHYQECVRGTTV	MEME-5	gb|QIQ54053.1|	18	29	+	50.7228	3.07e-16	3.63e-14	YHYQECVRGTTV
YHYQECVRGTTV	MEME-5	gb|ATO98225.1|	18	29	+	50.7228	3.07e-16	3.63e-14	YHYQECVRGTTV
YHYQECVRGTTV	MEME-5	gb|AGZ48838.1|	18	29	+	50.7228	3.07e-16	3.63e-14	YHYQECVRGTTV
YHYQECVRGTTV	MEME-5	gb|QIA48619.1|	18	29	+	50.7228	3.07e-16	3.63e-14	YHYQECVRGTTV
YHYQECVRGTTV	MEME-5	gb|ATO98237.1|	18	29	+	50.7228	3.07e-16	3.63e-14	YHYQECVRGTTV
YHYQECVRGTTV	MEME-5	sp|Q3LZX7.1|	18	29	+	50.7228	3.07e-16	3.63e-14	YHYQECVRGTTV
YHYQECVRGTTV	MEME-5	gb|ARO76387.1|	18	29	+	50.7228	3.07e-16	3.63e-14	YHYQECVRGTTV
YHYQECVRGTTV	MEME-5	gb|ACZ72114.1|	18	29	+	50.7228	3.07e-16	3.63e-14	YHYQECVRGTTV
YHYQECVRGTTV	MEME-5	gb|ACU31037.1|	18	29	+	50.7228	3.07e-16	3.63e-14	YHYQECVRGTTV
YHYQECVRGTTV	MEME-5	gb|ANA96033.1|	18	29	+	50.7228	3.07e-16	3.63e-14	YHYQECVRGTTV
YHYQECVRGTTV	MEME-5	ref|YP_009724395.1|	18	29	+	50.7228	3.07e-16	3.63e-14	YHYQECVRGTTV
YHYQECVRGTTV	MEME-5	gb|AKZ19081.1|	18	29	+	50.7228	3.07e-16	3.63e-14	YHYQECVRGTTV
YHYQECVRGTTV	MEME-5	sp|Q3I5J0.1|	18	29	+	50.7228	3.07e-16	3.63e-14	YHYQECVRGTTV
YHYQECVRGTTV	MEME-5	gb|AIA62335.1|	18	29	+	50.7228	3.07e-16	3.63e-14	YHYQECVRGTTV
YHYQECVRGTTV	MEME-5	gb|ATO98187.1|	18	29	+	50.7228	3.07e-16	3.63e-14	YHYQECVRGTTV
YHYQECVRGTTV	MEME-5	gb|AIA62315.1|	18	29	+	50.7228	3.07e-16	3.63e-14	YHYQECVRGTTV
YHYQECVRGTTV	MEME-5	gb|ADE34760.1|	18	29	+	50.7228	3.07e-16	3.63e-14	YHYQECVRGTTV
YHYQECVRGTTV	MEME-5	gb|ABD75319.1|	18	29	+	50.7228	3.07e-16	3.63e-14	YHYQECVRGTTV
YHYQECVRGTTV	MEME-5	sp|Q0Q470.1|	18	29	+	50.7228	3.07e-16	3.63e-14	YHYQECVRGTTV
YHYQECVRGTTV	MEME-5	gb|QHR63305.1|	18	29	+	50.7228	3.07e-16	3.63e-14	YHYQECVRGTTV
YHYQECVRGTTV	MEME-5	ref|YP_009825057.1|	18	29	+	50.7228	3.07e-16	3.63e-14	YHYQECVRGTTV
YHYQECVRGTTV	MEME-5	gb|AAT52336.1|	18	29	+	50.7228	3.07e-16	3.63e-14	YHYQECVRGTTV
YHYQECVRGTTV	MEME-5	gb|AIA62295.1|	18	29	+	50.7228	3.07e-16	3.63e-14	YHYQECVRGTTV
YHYQECVRGTTV	MEME-5	gb|AIA62283.1|	18	29	+	50.7228	3.07e-16	3.63e-14	YHYQECVRGTTV
YHYQECVRGTTV	MEME-5	gb|AHX37563.1|	18	29	+	50.7228	3.07e-16	3.63e-14	YHYQECVRGTTV
YHYQECVRGTTV	MEME-5	gb|ABI96964.1|	18	29	+	50.7228	3.07e-16	3.63e-14	YHYQECVRGTTV
YHYQECVRGTTV	MEME-5	gb|ACZ72157.1|	18	29	+	50.7228	3.07e-16	3.63e-14	YHYQECVRGTTV
YHYQECVRGTTV	MEME-5	gb|AFR58734.1|	18	29	+	50.7228	3.07e-16	3.63e-14	YHYQECVRGTTV
YHYQECVRGTTV	MEME-5	gb|AFR58706.1|	18	29	+	50.7228	3.07e-16	3.63e-14	YHYQECVRGTTV
YHYQECVRGTTV	MEME-5	gb|AFR58678.1|	18	29	+	50.7228	3.07e-16	3.63e-14	YHYQECVRGTTV
YHYQECVRGTTV	MEME-5	gb|ASO66814.1|	18	29	+	50.7228	3.07e-16	3.63e-14	YHYQECVRGTTV
YHYQECVRGTTV	MEME-5	gb|ADE34817.1|	18	29	+	50.7228	3.07e-16	3.63e-14	YHYQECVRGTTV
YHYQECVRGTTV	MEME-5	gb|AIA62325.1|	18	29	+	42.2178	2.13e-14	2.45e-12	YHYQECIRGTTV
YHYQECVRGTTV	MEME-5	gb|AAZ41334.1|	18	29	+	41.6634	5.49e-14	6.15e-12	YHYRECVRGTTV
YHYQECVRGTTV	MEME-5	gb|AVP78036.1|	18	29	+	33.5446	2.23e-12	2.37e-10	YHYQECIKGTTV
YHYQECVRGTTV	MEME-5	gb|AVP78047.1|	18	29	+	33.5446	2.23e-12	2.37e-10	YHYQECIKGTTV
PKLFIRQE	MEME-4	gb|AAP82970.1|	53	60	+	31.9167	1.89e-10	2.67e-08	PKLFIRQE
PKLFIRQE	MEME-4	pdb|1YO4|A	69	76	+	31.9167	1.89e-10	2.67e-08	PKLFIRQE
PKLFIRQE	MEME-4	pdb|1XAK|A	71	78	+	31.9167	1.89e-10	2.67e-08	PKLFIRQE
PKLFIRQE	MEME-4	gb|QIG55950.1|	84	91	+	31.9167	1.89e-10	2.67e-08	PKLFIRQE
PKLFIRQE	MEME-4	gb|ATO98225.1|	84	91	+	31.9167	1.89e-10	2.67e-08	PKLFIRQE
PKLFIRQE	MEME-4	gb|ADE34817.1|	84	91	+	31.9167	1.89e-10	2.67e-08	PKLFIRQE
PKLFIRQE	MEME-4	sp|Q3LZX7.1|	84	91	+	31.9167	1.89e-10	2.67e-08	PKLFIRQE
PKLFIRQE	MEME-4	gb|AIA62335.1|	84	91	+	31.9167	1.89e-10	2.67e-08	PKLFIRQE
PKLFIRQE	MEME-4	gb|AIA62315.1|	84	91	+	31.9167	1.89e-10	2.67e-08	PKLFIRQE
PKLFIRQE	MEME-4	gb|QHR63305.1|	84	91	+	31.9167	1.89e-10	2.67e-08	PKLFIRQE
PKLFIRQE	MEME-4	gb|ACZ72114.1|	84	91	+	31.9167	1.89e-10	2.67e-08	PKLFIRQE
PKLFIRQE	MEME-4	gb|ACU31037.1|	84	91	+	31.9167	1.89e-10	2.67e-08	PKLFIRQE
PKLFIRQE	MEME-4	ref|YP_009724395.1|	84	91	+	31.9167	1.89e-10	2.67e-08	PKLFIRQE
PKLFIRQE	MEME-4	gb|AAZ41334.1|	84	91	+	31.9167	1.89e-10	2.67e-08	PKLFIRQE
PKLFIRQE	MEME-4	gb|QIA48619.1|	84	91	+	31.9167	1.89e-10	2.67e-08	PKLFIRQE
PKLFIRQE	MEME-4	gb|AKZ19081.1|	84	91	+	31.9167	1.89e-10	2.67e-08	PKLFIRQE
PKLFIRQE	MEME-4	gb|AIA62325.1|	84	91	+	31.9167	1.89e-10	2.67e-08	PKLFIRQE
PKLFIRQE	MEME-4	gb|ATO98187.1|	84	91	+	31.9167	1.89e-10	2.67e-08	PKLFIRQE
PKLFIRQE	MEME-4	gb|AFR58734.1|	84	91	+	31.9167	1.89e-10	2.67e-08	PKLFIRQE
PKLFIRQE	MEME-4	gb|ADE34760.1|	84	91	+	31.9167	1.89e-10	2.67e-08	PKLFIRQE
PKLFIRQE	MEME-4	gb|ARO76387.1|	84	91	+	31.9167	1.89e-10	2.67e-08	PKLFIRQE
PKLFIRQE	MEME-4	gb|QIQ54053.1|	84	91	+	31.9167	1.89e-10	2.67e-08	PKLFIRQE
PKLFIRQE	MEME-4	sp|Q3I5J0.1|	84	91	+	31.9167	1.89e-10	2.67e-08	PKLFIRQE
PKLFIRQE	MEME-4	ref|YP_009825057.1|	84	91	+	31.9167	1.89e-10	2.67e-08	PKLFIRQE
PKLFIRQE	MEME-4	gb|AAT52336.1|	84	91	+	31.9167	1.89e-10	2.67e-08	PKLFIRQE
PKLFIRQE	MEME-4	gb|AIA62295.1|	84	91	+	31.9167	1.89e-10	2.67e-08	PKLFIRQE
PKLFIRQE	MEME-4	gb|AGZ48838.1|	84	91	+	31.9167	1.89e-10	2.67e-08	PKLFIRQE
PKLFIRQE	MEME-4	gb|AHX37563.1|	84	91	+	31.9167	1.89e-10	2.67e-08	PKLFIRQE
PKLFIRQE	MEME-4	gb|ABI96964.1|	84	91	+	31.9167	1.89e-10	2.67e-08	PKLFIRQE
PKLFIRQE	MEME-4	gb|ACZ72157.1|	84	91	+	31.9167	1.89e-10	2.67e-08	PKLFIRQE
PKLFIRQE	MEME-4	gb|ATO98237.1|	84	91	+	31.9167	1.89e-10	2.67e-08	PKLFIRQE
PKLFIRQE	MEME-4	gb|ANA96033.1|	84	91	+	29.2083	4.62e-10	5.34e-08	PKLFTRQE
PKLFIRQE	MEME-4	gb|AVP78036.1|	84	91	+	29.2083	4.62e-10	5.34e-08	PKLFTRQE
PKLFIRQE	MEME-4	sp|Q0Q470.1|	84	91	+	29.2083	4.62e-10	5.34e-08	PKLFTRQE
PKLFIRQE	MEME-4	gb|AIA62283.1|	84	91	+	29.2083	4.62e-10	5.34e-08	PKLFTRQE
PKLFIRQE	MEME-4	gb|ASO66814.1|	84	91	+	29.2083	4.62e-10	5.34e-08	PKLFTRQE
PKLFIRQE	MEME-4	gb|ABD75319.1|	84	91	+	29.2083	4.62e-10	5.34e-08	PKLFTRQE
PKLFIRQE	MEME-4	gb|AVP78047.1|	84	91	+	29.2083	4.62e-10	5.34e-08	PKLFTRQE

# FIMO (Find Individual Motif Occurrences): Version 5.3.0 compiled on Dec 15 2020 at 00:01:55
# The format of this file is described at http://meme-suite.org/doc/fimo-output-format.html.
# fimo --bfile --motif-- -oc /opt/project/data/motif/ORF7a/fimo /opt/project/data/motif/ORF7a/meme/meme.txt /opt/project/data/homologue/ORF7a/MN908947.3_ORF7a.fasta
